eventsource	a3a85a85214caf642abaa96ae664e4c772a59f6e	/Users/maz/Documents/projets/whisperASR/.build/checkouts/EventSource
fluidaudio	19600a485baa4998812e4654b70d2bab8f2c9949	/Users/maz/Documents/projets/whisperASR/.build/checkouts/FluidAudio
flyingfox	de38230104cf63ef4843cb569ba11c13f8165685	/Users/maz/Documents/projets/whisperASR/.build/checkouts/FlyingFox
mlx-audio-swift	d302a5c6080d2bb97bae38c7418f82abb76013b6	/Users/maz/Documents/projets/whisperASR/.build/checkouts/mlx-audio-swift
mlx-swift	0bb916c67f4b9e5c682cbe02a42c701c93ab5021	/Users/maz/Documents/projets/whisperASR/.build/checkouts/mlx-swift
mlx-swift-lm	bd4b7434e6bdb588c7ef55706ff8904cb7fd4c57	/Users/maz/Documents/projets/whisperASR/.build/checkouts/mlx-swift-lm
swift-argument-parser	6a52f3251125d74daf04fcbd5e6f08a75d074382	/Users/maz/Documents/projets/whisperASR/.build/checkouts/swift-argument-parser
swift-asn1	a9a5efd40eaf558a2bcd48d64b1d1646be686008	/Users/maz/Documents/projets/whisperASR/.build/checkouts/swift-asn1
swift-atomics	0442cb5a3f98ab802acb777929fdb446bda11a34	/Users/maz/Documents/projets/whisperASR/.build/checkouts/swift-atomics
swift-collections	a0cb0954ecb21e4e31b0070e6ed5674e8556685a	/Users/maz/Documents/projets/whisperASR/.build/checkouts/swift-collections
swift-crypto	1b6b2e274e85105bfa155183145a1dcfd63331f1	/Users/maz/Documents/projets/whisperASR/.build/checkouts/swift-crypto
swift-huggingface	b721959445b617d0bf03910b2b4aced345fd93bf	/Users/maz/Documents/projets/whisperASR/.build/checkouts/swift-huggingface
swift-jinja	0b67ecb79139f6addef8699eff3622808aa6c7dc	/Users/maz/Documents/projets/whisperASR/.build/checkouts/swift-jinja
swift-nio	cd3e1152083706d77b223fb29110e590efcc70c0	/Users/maz/Documents/projets/whisperASR/.build/checkouts/swift-nio
swift-numerics	0c0290ff6b24942dadb83a929ffaaa1481df04a2	/Users/maz/Documents/projets/whisperASR/.build/checkouts/swift-numerics
swift-syntax	79e4b74a295b6eb74a8b585e3a39d29e70c1dbd1	/Users/maz/Documents/projets/whisperASR/.build/checkouts/swift-syntax
swift-system	b5544ba79a70a0cb3563e75bf26dc198d6b40ed3	/Users/maz/Documents/projets/whisperASR/.build/checkouts/swift-system
swift-transformers	2fa33e1f5e7131a7fc64c28e6d161dcec0d24820	/Users/maz/Documents/projets/whisperASR/.build/checkouts/swift-transformers
whisperkit	1e2a163736dfa5a198e637ae44c114e1c6d5cc2d	/Users/maz/Documents/projets/whisperASR/.build/checkouts/WhisperKit
yyjson	8b4a38dc994a110abaec8a400615567bd996105f	/Users/maz/Documents/projets/whisperASR/.build/checkouts/yyjson
